type,agent_id,timestamp,thought,action_type,tool_name,prompt,conversation_id,response
thinking,batch-agent-368,2025-06-19T21:03:34.293487,Processing user prompt: What's the meaning of life?,none,none,What's the meaning of life?,conv_1750367014,none
action,batch-agent-368,2025-06-19T21:03:34.293703,none,openai_chat,none,What's the meaning of life?,none,
tool_use,batch-agent-368,2025-06-19T21:03:35.131680,none,none,openai_chat,What's the meaning of life?,none,"The question of the meaning of life is a deep and philosophical one that has puzzled humanity for centuries. Different people and cultures have different perspectives on this question. Some believe that the meaning of life is to seek happiness and fulfillment, others believe it is to fulfill a greater purpose or to connect with a higher power. Ultimately, the meaning of life is something that each person must explore and define for themselves based on their own beliefs and experiences."
thinking,batch-agent-368,2025-06-19T21:03:36.136735,Processing user prompt: How do I learn to code?,none,none,How do I learn to code?,conv_1750367014,none
action,batch-agent-368,2025-06-19T21:03:36.137120,none,openai_chat,none,How do I learn to code?,none,
tool_use,batch-agent-368,2025-06-19T21:03:41.322542,none,none,openai_chat,How do I learn to code?,none,"Learning to code can be a rewarding and worthwhile endeavor. Here are some steps to help you get started:

1. **Choose a programming language**: There are many programming languages to choose from, such as Python, Java, JavaScript, Ruby, and more. Consider your goals and interests when selecting a language.

2. **Find resources**: There are countless online resources available to learn how to code, including websites, tutorials, books, and online courses. Websites like Codecademy, Udemy, and Coursera offer courses in various programming languages.

3. **Practice regularly**: Coding is a skill that requires practice. Be consistent with your coding practice, and work on coding challenges and projects to apply what you've learned.

4. **Join a coding community**: Joining a coding community can provide support, mentorship, and opportunities to collaborate with others. Websites like Stack Overflow, GitHub, and online coding forums can be great places to connect with other coders.

5. **Build projects**: One of the best ways to solidify your coding skills is to work on projects. Start with simple projects and gradually work your way up to more complex ones. Building projects will help you gain practical experience and demonstrate your skills to potential employers.

6. **Seek feedback**: Don't be afraid to seek feedback on your code from more experienced developers. Constructive feedback can help you improve your coding skills and learn best practices.

Remember that learning to code is a journey that requires dedication and persistence. Stay patient, keep practicing, and don't be afraid to ask questions along the way. Good luck!"
thinking,batch-agent-368,2025-06-19T21:03:42.324730,Processing user prompt: What's the weather like?,none,none,What's the weather like?,conv_1750367014,none
action,batch-agent-368,2025-06-19T21:03:42.325220,none,openai_chat,none,What's the weather like?,none,
tool_use,batch-agent-368,2025-06-19T21:03:43.010347,none,none,openai_chat,What's the weather like?,none,"I'm sorry, I'm not able to provide real-time weather updates. You can check your local weather on a weather website or app for the most up-to-date information."
thinking,batch-agent-368,2025-06-19T21:03:44.014259,Processing user prompt: Tell me a joke.,none,none,Tell me a joke.,conv_1750367014,none
action,batch-agent-368,2025-06-19T21:03:44.014524,none,openai_chat,none,Tell me a joke.,none,
tool_use,batch-agent-368,2025-06-19T21:03:44.396250,none,none,openai_chat,Tell me a joke.,none,"Sure, here's a joke for you:

Why don't scientists trust atoms?

Because they make up everything!"
thinking,batch-agent-368,2025-06-19T21:03:45.400666,Processing user prompt: What is the future of technology?,none,none,What is the future of technology?,conv_1750367014,none
action,batch-agent-368,2025-06-19T21:03:45.400962,none,openai_chat,none,What is the future of technology?,none,
tool_use,batch-agent-368,2025-06-19T21:03:46.384367,none,none,openai_chat,What is the future of technology?,none,"The future of technology is expected to be driven by advancements in artificial intelligence, automation, quantum computing, 5G technology, Internet of Things (IoT), and blockchain. These technologies are likely to revolutionize various industries, improve efficiency, and create new opportunities for innovation. Additionally, we can expect to see increased focus on sustainability, cybersecurity, and privacy measures in the development of new technologies to address global challenges. Overall, the technological landscape is continuously evolving, and the future holds great promise for exciting developments that will shape the way we live and work."
thinking,batch-agent-368,2025-06-19T21:03:47.390694,Processing user prompt: Write a short story.,none,none,Write a short story.,conv_1750367014,none
action,batch-agent-368,2025-06-19T21:03:47.391060,none,openai_chat,none,Write a short story.,none,
tool_use,batch-agent-368,2025-06-19T21:03:50.441658,none,none,openai_chat,Write a short story.,none,"Once upon a time, in a small village nestled at the foot of a majestic mountain, there lived a young girl named Lily. Lily had always been fascinated by the stories she heard from travelers passing through her village, tales of far-off lands and magical creatures.

One day, a mysterious stranger arrived in the village, carrying a map said to lead to a hidden treasure deep within the mountain's caverns. The villagers were skeptical, but Lily's curiosity was piqued. She decided to join the stranger on his journey, convinced that there was more to this map than met the eye.

Together, they ventured into the dark and twisting tunnels of the mountain, facing dangers at every turn - treacherous cliffs, winding passageways, and mysterious creatures lurking in the shadows. But Lily's determination never wavered, her belief in the treasure driving her forward.

As they delved deeper into the mountain, the stranger revealed that the real treasure was not gold or jewels, but knowledge and wisdom hidden within the ancient caverns. Lily listened intently as he shared stories of the mountain's past, its secrets and mysteries unraveling before her eyes.

In the heart of the mountain, they found a chamber filled with glowing crystals that illuminated the darkness. The stranger explained that these crystals held the memories of those who had come before, their experiences and lessons waiting to be discovered.

Lily felt a deep sense of wonder and awe as she gazed upon the crystals, realizing that true treasure was not something to be hoarded, but shared and cherished. With newfound wisdom and understanding, she returned to her village, eager to pass on the knowledge she had gained.

From that day on, Lily became known as the village's storyteller, weaving tales of the mountain and its hidden treasures for all to hear. The mysterious stranger had long since disappeared, but his lessons lived on through Lily's words, inspiring generations to come.

And so, the young girl who had set out in search of treasure found something far more valuable - the power of knowledge and the gift of storytelling, bringing light and wonder to all who listened."
